EMD_CODE,total_trips,improve_trips,avg_deviation_ratio,avg_mean_confidence,avg_longest_deviation,avg_longest_deviation_ratio,avg_separation,improve_ratio,improve_ratio_lower_bound,deviation_norm,longest_dev_norm,longest_dev_ratio_norm,needs_attention,severity_score,improve_ratio_pct,improve_ratio_lower_bound_pct,priority_rank
11530107,12,11,0.4973119904745782,0.9876146764544379,162.08333333333334,0.3583256903012259,2.367027614940303,0.9166666666666666,0.6461140782014047,0.9691079788042012,0.5387726259900915,0.9386623768012953,True,0.8015219081022217,91.66666666666666,64.61140782014047,1
11470103,19,17,0.48819046723920695,0.9749125522711383,152.52631578947367,0.33258083937785404,1.8452540120747674,0.8947368421052632,0.6860544950515831,0.9460473859955565,0.5019629552735039,0.8640008013462878,True,0.7996416235937162,89.47368421052632,68.6054495051583,2
28237103,5,5,0.49334779663309813,0.977417660791278,109.4,0.35145410206883204,1.3279658204259317,1.0,0.565508505247919,0.9590858961285341,0.3358582603574595,0.9187343684847716,True,0.7542268951594739,100.0,56.5508505247919,3
41590131,5,5,0.5094180155136264,0.949884062842479,273.8,0.31069119480234453,1.370357187687744,1.0,0.565508505247919,0.9997138443765413,0.9690589255267985,0.8005195500847385,True,0.7427723159538695,100.0,56.5508505247919,4
41830380,6,5,0.4392319994163472,0.9810700243099695,281.8333333333333,0.37947516771375017,2.1429738693663,0.8333333333333334,0.4364905634363539,0.8222729612788545,0.9999999961484145,0.9999970999414339,True,0.66492659009012,83.33333333333334,43.64905634363539,5
11545101,15,12,0.40385585503646265,0.9787800186512675,153.33333333333334,0.2779776885422196,1.977386938253933,0.8,0.5481406466534955,0.7328367081845386,0.5050712523877087,0.7056484660257175,True,0.6350510289872529,80.0,54.81406466534955,6
11530106,8,6,0.4506530066017314,0.9748869362214044,138.625,0.2846727083200173,1.905657659329569,0.75,0.40926987910258916,0.8511469979249972,0.44842084818941774,0.7250644154829747,True,0.6049919220253887,75.0,40.926987910258916,7
28200101,12,10,0.3697314453554846,0.9574749212868571,113.25,0.22638714291257192,1.312302766333,0.8333333333333334,0.5519636426153274,0.646565030068665,0.35068686474250793,0.5560328622392472,True,0.5811579027761127,83.33333333333334,55.196364261532736,8
11380114,7,5,0.5095302032009495,0.9497372132560856,133.28571428571428,0.20816331048935374,1.2598807951829334,0.7142857142857143,0.35892909014821267,0.9999974718484826,0.4278561324606168,0.5031826809119081,True,0.5801003228110327,71.42857142857143,35.892909014821264,9
11380103,11,9,0.41094585820831514,0.951322625398917,88.36363636363636,0.16497800464490714,1.3549705411345654,0.8181818181818182,0.5230138624217553,0.7507613104619384,0.25483490605521164,0.377942764765195,True,0.5623238773024981,81.81818181818183,52.30138624217553,10
28237102,9,6,0.40114599160861036,0.9635536766340516,165.22222222222223,0.28856780165653706,2.4672432614913244,0.6666666666666666,0.35419734749908977,0.725985762847425,0.5508623250918985,0.7363604142795674,True,0.5421664854596859,66.66666666666666,35.419734749908976,11
11530108,10,7,0.3809690101575379,0.9730265677762656,125.4,0.2672356350598719,2.025191818298772,0.7,0.3967732199795652,0.6749752965750314,0.3974836292303879,0.6744958818060149,True,0.535778375323495,70.0,39.67732199795652,12
41360112,7,6,0.33782633705427034,0.9678899516074518,166.28571428571428,0.2228313560149069,1.684971715839517,0.8571428571428571,0.4868654966809702,0.5659040821036435,0.5549584557610316,0.5457208719872108,True,0.5223481473690202,85.71428571428571,48.686549668097015,13
11470101,40,23,0.3711029579881688,0.9625340041996759,106.8,0.22627559043139422,1.5971855707402083,0.575,0.4219480043605999,0.65003242181214,0.3258441379156087,0.5557093535106308,True,0.5171255994260682,57.49999999999999,42.19480043605999,14
41590130,6,5,0.3485700180801858,0.9671887783161305,196.83333333333334,0.2333010584836537,1.4795751956342078,0.8333333333333334,0.4364905634363539,0.59306573559194,0.6726152240109827,0.5760836223169158,True,0.5113817268591421,83.33333333333334,43.64905634363539,15
41480122,9,7,0.3369534421671452,0.94416616388743,127.77777777777777,0.21329882955772533,1.4638102621489069,0.7777777777777778,0.4525833436728054,0.5636972715702138,0.4066418437712258,0.5180759869778513,True,0.4990160507030371,77.77777777777779,45.25833436728054,16
11530101,17,10,0.41270628776364665,0.9411469639157497,91.23529411764706,0.19272937077212085,1.2087910877090011,0.5882352941176471,0.3600507438551554,0.7552119431135529,0.2658953415781938,0.4584233518252475,True,0.4982736252266931,58.82352941176471,36.00507438551554,17
41390101,7,5,0.3446227594223052,0.9717991613561564,121.57142857142857,0.27379680250680855,1.724074768147792,0.7142857142857143,0.35892909014821267,0.5830864676263876,0.38273755882150856,0.6935236516645572,True,0.4930952156949341,71.42857142857143,35.892909014821264,18
41550250,36,19,0.33237680661250996,0.9808016422314255,104.41666666666667,0.2785939422544508,1.6208337419240326,0.5277777777777778,0.3700567162693947,0.5521268434481049,0.3166645256772454,0.7074356378828055,True,0.4921535387456899,52.77777777777778,37.00567162693947,19
28260115,5,4,0.39872863121963353,0.9480801364514976,73.0,0.18497955015352638,1.3480280642909808,0.8,0.37552826411853885,0.7198743095118931,0.19566054617154752,0.43594841815403784,True,0.490916108543645,80.0,37.552826411853886,20
11350103,12,8,0.38461545716043627,0.9494011516888047,122.5,0.18923128854241258,1.2637101267026725,0.6666666666666666,0.3906175873976139,0.6841940670985841,0.3863140311221696,0.44827870848982676,True,0.49022275552634753,66.66666666666666,39.06175873976139,21
11260106,9,6,0.37445069829092537,0.957925254018287,176.22222222222223,0.22980381739921757,1.3103920564598326,0.6666666666666666,0.35419734749908977,0.6584960165384672,0.5932297661920368,0.565941418352047,True,0.48783576238149445,66.66666666666666,35.419734749908976,22
11380107,26,15,0.3964659111807673,0.9511736637962305,82.6923076923077,0.16368287232837744,1.3414138176909394,0.5769230769230769,0.3894829692111983,0.7141538104121469,0.23299129846957142,0.37418680519632375,True,0.483824988768508,57.692307692307686,38.94829692111983,23
11530102,85,46,0.34736447136925064,0.9565446313895131,97.56470588235294,0.18482804109234977,1.4221063045354991,0.5411764705882353,0.43576147559119544,0.590017930845374,0.29027361249998457,0.4355090330033207,True,0.4819879236498741,54.11764705882353,43.57614755911954,24
28110146,30,18,0.31239926819296215,0.9582269141549598,49.03333333333333,0.2270617609672464,2.9237016782295493,0.6,0.42320052498273836,0.5016205993784981,0.10335087904730693,0.5579892941075967,True,0.47368430112643795,60.0,42.32005249827384,25
11380101,7,5,0.3888618429392719,0.9556435835590943,80.42857142857143,0.17710772719799192,1.428326772640764,0.7142857142857143,0.35892909014821267,0.6949295737488791,0.22427232457683569,0.413119670560493,True,0.4705673513108687,71.42857142857143,35.892909014821264,26
41570107,10,7,0.3407215091616893,0.9721858955996712,95.8,0.20121004364355038,1.4047478383329601,0.7,0.3967732199795652,0.5732235158601938,0.2834766968154704,0.4830177998328938,True,0.4669572247144195,70.0,39.67732199795652,27
11560133,19,11,0.3605407337230745,0.9578972890922025,102.21052631578948,0.20240713656628606,1.4852974077530954,0.5789473684210527,0.3627555146516011,0.6233295185090588,0.3081673873704792,0.4864894394179708,True,0.46567450076211236,57.89473684210527,36.27555146516011,28
28237104,7,5,0.3601601266709663,0.9739399229975619,77.71428571428571,0.18608084076426754,1.9393633105917871,0.7142857142857143,0.35892909014821267,0.6223672862127325,0.2138180209287496,0.43914222542355663,True,0.4540031760226374,71.42857142857143,35.892909014821264,29
11440110,7,5,0.3304581287876262,0.9606276659401587,99.42857142857143,0.20729755552308157,1.2263239409092672,0.7142857142857143,0.35892909014821267,0.5472761351936936,0.2974524501134381,0.5006719408057693,True,0.44378177379336825,71.42857142857143,35.892909014821264,30
11230107,7,5,0.36773367136397705,0.953918715083945,85.85714285714286,0.14812457938722437,1.3069087122045413,0.7142857142857143,0.35892909014821267,0.6415143547205819,0.24518093187300782,0.329066844477403,True,0.43773222038576154,71.42857142857143,35.892909014821264,31
11440124,7,5,0.354704364483338,0.9607390862551652,74.57142857142857,0.16141131680903423,1.3921462266544602,0.7142857142857143,0.35892909014821267,0.6085742927594217,0.20171303775728155,0.3675991611539294,True,0.43555666513271873,71.42857142857143,35.892909014821264,32
11350104,12,8,0.33368329562981297,0.9556741143630544,96.25,0.16001901204917732,1.2396491170221131,0.6666666666666666,0.3906175873976139,0.5554298456396862,0.2852099103150215,0.36356139580839175,True,0.43465002655239116,66.66666666666666,39.06175873976139,33
11380104,10,7,0.33501395067467177,0.9518602452685228,69.8,0.14295297625547243,1.4204347389483587,0.7,0.3967732199795652,0.5587939432105026,0.18333547239696182,0.3140688925143516,True,0.42883857145580373,70.0,39.67732199795652,34
11440102,14,8,0.3478308065210154,0.942063775388208,87.28571428571429,0.18303233078086256,1.4313304052645601,0.5714285714285714,0.3259026690286936,0.5911968967669323,0.2506831969509479,0.4303013679321386,True,0.4263706771308542,57.14285714285714,32.59026690286936,35
11410120,14,8,0.3576842790107991,0.9497531329276617,79.14285714285714,0.16519586005734435,1.37808207695948,0.5714285714285714,0.3259026690286936,0.616107968193791,0.21932028600668962,0.37857455822021924,True,0.423498636616528,57.14285714285714,32.59026690286936,36
11500103,38,19,0.31404537834558843,0.9516405832079787,87.36842105263158,0.17795595252653307,1.326207900103562,0.5,0.3484967553286069,0.5057822152586934,0.25100174913967066,0.41557957369056836,True,0.40909895698002513,50.0,34.849675532860694,37
41670370,7,5,0.25018427580490593,0.995188054379795,127.57142857142857,0.24867893183380851,2.402118331002486,0.7142857142857143,0.35892909014821267,0.3443316719666385,0.40584707214885674,0.6206803556554579,True,0.4069001177951895,71.42857142857143,35.892909014821264,38
11260102,14,8,0.346012746623943,0.9414274712922127,99.35714285714286,0.150186993980072,1.4414517111026266,0.5714285714285714,0.3259026690286936,0.5866005658793964,0.2971773368595411,0.33504796758437777,True,0.40594109779504123,57.14285714285714,32.59026690286936,39
28200102,11,7,0.27525022468667965,0.9556089614116169,115.27272727272727,0.21218713841895953,1.5389389494403156,0.6363636363636364,0.35379677689163724,0.4077021886675547,0.3584775718869548,0.5148520175679421,True,0.40217944855967347,63.63636363636363,35.37967768916373,40
28260122,44,23,0.2749668743220876,0.9680010979690375,50.63636363636363,0.1807740666409051,1.7603265619866024,0.5227272727272727,0.37935220136171693,0.4069858360133511,0.1095250874059772,0.4237522696683879,True,0.3965223054185414,52.27272727272727,37.935220136171694,41
41550340,25,13,0.25827750143296535,0.9854120176330596,118.04,0.22555545592079768,1.9647538689559079,0.52,0.3349821795314731,0.36479257261900316,0.3691359595488409,0.553620921254383,True,0.3876530458023141,52.0,33.49821795314731,42
11350105,44,22,0.31455332810883335,0.9470358999437205,76.6590909090909,0.13057981783059455,1.2144762173630408,0.5,0.35831521095931473,0.5070663892234119,0.20975384785981663,0.2781860084337477,True,0.3869147239334305,50.0,35.83152109593147,43
28260112,10,6,0.29540181418886274,0.9599508784398572,82.8,0.19326864488736567,1.3698550557208415,0.6,0.3126695474501863,0.45864846024583367,0.23340608460621612,0.4599872783426753,True,0.38592676746737836,60.0,31.266954745018634,44
11560110,25,13,0.29672076185717206,0.954330581159459,83.4,0.16991124678314995,2.0012721647429155,0.52,0.3349821795314731,0.46198295979486154,0.23571703593895096,0.39224945588718024,True,0.38453586888163105,52.0,33.49821795314731,45
41390132,7,5,0.2562477128980284,0.9747484547591709,91.71428571428571,0.2019976598982338,1.5287738548275822,0.7142857142857143,0.35892909014821267,0.3596609596543696,0.2677402186925619,0.4853019330991404,True,0.3844232195902453,71.42857142857143,35.892909014821264,46
11470102,52,23,0.322650988122698,0.9433907062674004,67.57692307692308,0.1521510978121767,1.3275022519503514,0.4423076923076923,0.3159484718858809,0.5275385006749788,0.1747731014333675,0.34074398372751374,True,0.3843845828909368,44.230769230769226,31.594847188588087,47
11620102,58,27,0.29512486195544435,0.9427405844646798,92.24137931034483,0.16190704771116057,1.5576919084271934,0.46551724137931033,0.3433181535782671,0.45794828303666535,0.2697703647730432,0.36903680980315434,True,0.382850923660764,46.55172413793103,34.33181535782671,48
41287102,40,18,0.3310550185804116,0.9454694802075199,67.925,0.14347330447438394,1.2903002643355752,0.45,0.30705075280944705,0.5487851630290537,0.17611374948216554,0.3155778748228242,True,0.38127650027800447,45.0,30.705075280944705,49
11230109,19,10,0.31370436033890603,0.9378996967410982,94.10526315789474,0.15677997702382274,1.2858712853907948,0.5263157894736842,0.31707482511825114,0.5049200700676333,0.27694927287564053,0.3541680045369985,True,0.3808470344868153,52.63157894736842,31.707482511825113,50
11560115,8,5,0.30611903250825245,0.9610585623745979,72.625,0.16977275646105688,1.6288327391465163,0.625,0.3057378545838018,0.4857432120024722,0.19421620158858827,0.3918478258422631,True,0.3769614560610952,62.5,30.573785458380183,51
11500106,12,7,0.29319553094105566,0.9557775636756775,77.08333333333333,0.1540748714701797,1.3763583974838998,0.5833333333333334,0.3195073356553728,0.4530706419050417,0.21138785385265943,0.34632304000377107,True,0.3649394683999531,58.333333333333336,31.95073356553728,52
41570253,10,6,0.2700706126256451,0.9494630345315145,54.5,0.18999639210326424,1.9435702351051014,0.6,0.3126695474501863,0.3946073445758264,0.1244062134122241,0.45049755362547933,True,0.36481648782293696,60.0,31.266954745018634,53
11710113,8,5,0.2900781400165603,0.9574863207037365,99.5,0.14197852593068191,1.4243059986549764,0.625,0.3057378545838018,0.4451894053089014,0.2977275633673351,0.311242929502639,True,0.34867433478509907,62.5,30.573785458380183,54
41461259,36,18,0.21950440580321,0.9817571677952314,91.83333333333333,0.18830232785399903,1.9013183392444424,0.5,0.34474067624730526,0.26676831206773993,0.26819874078239025,0.4455846680877611,True,0.34151776536152684,50.0,34.47406762473052,55
41820310,12,7,0.22981174512629923,0.9627655592982807,234.83333333333334,0.18963911130141156,1.3233290252597631,0.5833333333333334,0.3195073356553728,0.29282682761792467,0.8189754750841876,0.4494614183755395,True,0.33749399978817174,58.333333333333336,31.95073356553728,56
11410110,6,4,0.43529049423132543,0.9719022680903703,113.83333333333333,0.251883862550172,1.5137494998273358,0.6666666666666666,0.2999883213415286,0.8123082389644405,0.35293362298266673,0.6299748424334183,False,0.5196816008467801,66.66666666666666,29.99883213415286,57
41570250,6,4,0.413845162654699,0.9729741770258914,136.0,0.2573534369049502,1.7401370908347593,0.6666666666666666,0.2999883213415286,0.7580911913975134,0.4383104361087029,0.6458369283942782,False,0.5065889037688739,66.66666666666666,29.99883213415286,58
41190121,5,3,0.4517062015678997,0.9711744032273628,137.0,0.2587554142440295,1.7001732686862758,0.6,0.23071993220883702,0.8538096343768499,0.4421620216632609,0.6499027447860466,False,0.5014834053746827,60.0,23.0719932208837,59
11410112,6,4,0.4132942730687306,0.959201294303888,89.66666666666667,0.2164957009998126,1.3537759055069405,0.6666666666666666,0.2999883213415286,0.7566984590548189,0.25985363874751455,0.5273471013884099,False,0.4824731186648919,66.66666666666666,29.99883213415286,60
11200105,5,3,0.4134946064465592,0.9358848502241288,135.2,0.22626792071313795,1.2945797358353754,0.6,0.23071993220883702,0.7572049321879654,0.4352291676650564,0.5556871108785015,False,0.45365886793650845,60.0,23.0719932208837,61
41590134,5,3,0.38768276645137517,0.9347343904463905,213.0,0.2545062392129955,1.350571958977944,0.6,0.23071993220883702,0.6919486897368541,0.7348825238096707,0.637579888338155,False,0.45046055069310575,60.0,23.0719932208837,62
28177104,9,4,0.3933210057227299,0.9527228497884794,122.44444444444444,0.25324632926885127,1.5758068869079773,0.4444444444444444,0.188775429471914,0.7062030129062813,0.3861000541469164,0.6339260757120411,False,0.4330338337502496,44.44444444444444,18.8775429471914,63
41480113,6,4,0.372954744452252,0.9694764447633665,110.83333333333333,0.18103846134574983,1.7919358368944749,0.6666666666666666,0.2999883213415286,0.6547140185712416,0.34137886631899267,0.424519029797022,False,0.43131217220154117,66.66666666666666,29.99883213415286,64
11215109,10,5,0.37975688926966544,0.9491642948929304,117.8,0.22576906418650827,1.2596048708868097,0.5,0.2365895936154873,0.6719108713130655,0.3682115790157469,0.5542403977351611,False,0.43071613774869555,50.0,23.658959361548728,65
41590137,7,4,0.3887757877751585,0.9536665177403619,156.85714285714286,0.20157617296268676,1.182722964411741,0.5714285714285714,0.2504542304090258,0.6947120132551443,0.5186435062466275,0.48407959630117997,False,0.4304566384412922,57.14285714285714,25.04542304090258,66
11170101,5,3,0.38474170218209297,0.9344081323153652,103.8,0.21880797881936723,1.1788108399274324,0.6,0.23071993220883702,0.6845132336416516,0.31428938125193456,0.5340528424863664,False,0.4275245046941873,60.0,23.0719932208837,67
11710109,13,7,0.3624045535488254,0.9556730310095882,147.3846153846154,0.1946799180468456,1.3620768697909031,0.5384615384615384,0.29143432431832045,0.6280415374297201,0.48215925626828654,0.46408005315802603,False,0.4269456340196815,53.84615384615385,29.143432431832046,68
11215101,20,9,0.3735807140017075,0.9333466341232913,108.25,0.19660848322787358,1.1227134079040706,0.45,0.25819502085709295,0.6562965644375534,0.3314289369697178,0.46967300513167687,False,0.41992108078614787,45.0,25.819502085709296,69
41480108,5,3,0.3430445223229862,0.9703625568144751,127.2,0.2562495309894023,1.5731402663976375,0.6,0.23071993220883702,0.5790964451089029,0.4044164832285923,0.6426355365876515,False,0.4176160069546197,60.0,23.0719932208837,70
11170112,6,4,0.3249283160862659,0.9649178212357019,107.16666666666667,0.21016480933043288,1.5320443842513294,0.6666666666666666,0.2999883213415286,0.5332959308217258,0.32725638595227996,0.5089871447711523,False,0.4117803688715124,66.66666666666666,29.99883213415286,71
41281132,6,4,0.3368073618266086,0.9586149640172966,94.5,0.19326504613656523,1.1910459372106217,0.6666666666666666,0.2999883213415286,0.5633279583356215,0.278469635594545,0.45997684175458886,False,0.4109879165223685,66.66666666666666,29.99883213415286,72
41281106,12,6,0.3632129338151826,0.9622574548316497,107.75,0.1918967966999252,1.3743378962557253,0.5,0.2537781703934222,0.6300852452267599,0.32950314419243876,0.4560088382552084,False,0.4071164264157807,50.0,25.377817039342222,73
41135103,11,6,0.31532646573666057,0.9587619115208422,171.0,0.22402475428946378,1.5145603096894271,0.5454545454545454,0.2800877556899882,0.5090209982903743,0.5731159305182337,0.549181796876188,False,0.402586536707344,54.54545454545454,28.00877556899882,74
11500101,9,5,0.3605088182340872,0.9508393985315736,82.33333333333333,0.17388569690959127,1.4252498576490418,0.5555555555555556,0.26664734574402965,0.6232488313171466,0.23160867801408905,0.40377559402216845,False,0.4010534410715925,55.55555555555556,26.664734574402964,75
41220310,13,7,0.2920700128162299,0.9878273631445017,140.84615384615384,0.24000822286313625,1.918562433777074,0.5384615384615384,0.29143432431832045,0.45022516154988484,0.45697581225771483,0.5955347918303219,False,0.3998916689901901,53.84615384615385,29.143432431832046,76
28110149,8,3,0.37488544642965327,0.9595560539816316,76.875,0.2599978344391383,1.788092399003684,0.375,0.13684175946152105,0.6595951257050857,0.21058544019545986,0.6535058361156504,False,0.3970005846654163,37.5,13.684175946152106,77
11650106,20,10,0.32984953466039313,0.9473625172631399,89.6,0.1635894053401632,1.2707038148931749,0.5,0.2992949144298199,0.545737517027439,0.25959686637721063,0.3739157454564993,False,0.3881518614144415,50.0,29.92949144298199,78
41190120,9,4,0.3783875401912363,0.9548688218964673,84.88888888888889,0.19396250475219057,1.3771398730087838,0.4444444444444444,0.188775429471914,0.6684489493625634,0.24145161887573732,0.4619995125873799,False,0.387322302062202,44.44444444444444,18.8775429471914,79
11560112,6,4,0.33683560002992735,0.9442103627041233,81.16666666666667,0.15211337835366556,1.3676723358387,0.6666666666666666,0.2999883213415286,0.563399348792191,0.22711516153377137,0.3406345950887474,False,0.38714088432617105,66.66666666666666,29.99883213415286,80
11230103,10,5,0.3537244554903965,0.9463457393369648,121.4,0.18464840888569906,1.3524263032229968,0.5,0.2365895936154873,0.6060969343519875,0.3820772870121558,0.434988089083664,False,0.3871214949300727,50.0,23.658959361548728,81
28177105,17,7,0.329705737839033,0.9552926965800916,104.29411764705883,0.2264017501211966,1.5535201565041163,0.4117647058823529,0.21610786039131383,0.5453739768753179,0.31619251764359857,0.556075223999747,False,0.3828811680582017,41.17647058823529,21.610786039131384,82
41570104,11,5,0.36010598471510363,0.9506369526961085,96.63636363636364,0.1879744454516419,1.3360033133883014,0.45454545454545453,0.21270957543988048,0.6222304071448624,0.2866980229156462,0.4446337899181099,False,0.381950667847021,45.45454545454545,21.270957543988047,83
41310103,6,4,0.30560638607827056,0.9412164763048766,137.16666666666666,0.17944852452700297,1.4930768683845372,0.6666666666666666,0.2999883213415286,0.48444716415261585,0.44280395258902056,0.41990811990615146,False,0.37930993389777934,66.66666666666666,29.99883213415286,84
11410118,14,7,0.34054312733780717,0.9582650114172168,87.14285714285714,0.15551678025545576,1.3122914258507594,0.5,0.2679886791947528,0.5727725395814669,0.2501329704431538,0.35050465992814184,False,0.3759270334574448,50.0,26.798867919475278,85
41210102,11,6,0.2930936542761616,0.9554972377709958,114.54545454545455,0.2069954759578464,1.6479330474592444,0.5454545454545454,0.2800877556899882,0.45281308226010053,0.3556764187563672,0.49979589237494515,False,0.3758469809980133,54.54545454545454,28.00877556899882,86
28237101,9,5,0.2912113836401708,0.9496611655821895,73.66666666666667,0.2200154692246328,1.472433561705602,0.5555555555555556,0.26664734574402965,0.4480544168955337,0.19822826987458622,0.5375546353797208,False,0.3752509250166191,55.55555555555556,26.664734574402964,87
11230102,24,11,0.33783710076940937,0.9464045947157316,82.91666666666667,0.1438007508470752,1.1981681859572804,0.4583333333333333,0.27891058351681425,0.5659312944064052,0.23385543625424793,0.3165274884809076,False,0.3725401777765102,45.83333333333333,27.891058351681426,88
11440127,12,6,0.31201407970030853,0.9488526506625482,83.33333333333333,0.19332034544676135,1.5945923364828605,0.5,0.2537781703934222,0.500646784506305,0.23546026356864705,0.46013721299282634,False,0.3691105631471679,50.0,25.377817039342222,89
11290125,6,3,0.38979758486233274,0.9345933014334432,82.33333333333333,0.14826573243683502,1.1992472355201713,0.5,0.1876128068994087,0.6972952711115747,0.23160867801408905,0.32947619658806687,False,0.36889022410079014,50.0,18.76128068994087,90
11260105,7,4,0.34146707355186895,0.955592377885558,99.71428571428571,0.1561404965045725,1.2660022631632006,0.5714285714285714,0.2504542304090258,0.5751084156045575,0.2985529031290261,0.3523134735792502,False,0.3682223346017302,57.14285714285714,25.04542304090258,91
41281119,6,4,0.2866601744004784,0.9731858824099885,128.83333333333334,0.18489014500456805,1.5301305821497477,0.6666666666666666,0.2999883213415286,0.4365482703501299,0.41070740630103714,0.43568913798594183,False,0.3680964693729916,66.66666666666666,29.99883213415286,92
28177102,13,6,0.31009325577334035,0.9547103629585109,109.76923076923077,0.20860500116575095,1.3725535328233038,0.46153846153846156,0.23205754301488138,0.49579065058065225,0.3372803842545271,0.5044636097415898,False,0.3656586886299543,46.15384615384615,23.20575430148814,93
11560129,5,3,0.3192349638392696,0.966828242026763,90.6,0.19490201457808545,1.4248788178814444,0.6,0.23071993220883702,0.518902273699301,0.2634484519317687,0.464724146105964,False,0.3639754774354016,60.0,23.0719932208837,94
28185101,6,2,0.3715373651086648,0.9558752828442926,106.16666666666667,0.23854799566982807,1.3113507830334703,0.3333333333333333,0.09676933255921684,0.6511306688329982,0.32340480039772196,0.591300047449819,False,0.36198387641947166,33.33333333333333,9.676933255921684,95
41360253,5,2,0.3716955430539105,0.9443631130362962,249.0,0.21576858123013212,1.404448233101292,0.4,0.11761823115925325,0.6515305666452927,0.8735396037737595,0.5252384114717189,False,0.35931596786755826,40.0,11.761823115925326,96
11320106,12,6,0.3358618897286383,0.9482269562588871,88.16666666666667,0.14207702318072443,1.1458628991475328,0.5,0.2537781703934222,0.560937661616464,0.25407626041567755,0.3115285772963687,False,0.35747609914092404,50.0,25.377817039342222,97
28260108,6,3,0.32376387780096433,0.9473405897429875,81.5,0.21070890422143587,1.6021806401370047,0.5,0.1876128068994087,0.530352054403804,0.2283990233852907,0.510565051820613,False,0.3550250301349681,50.0,18.76128068994087,98
11260104,13,6,0.3375572949328672,0.9459629094121088,106.53846153846153,0.15075343276763614,1.2620966605329014,0.46153846153846156,0.23205754301488138,0.5652239028561694,0.3248368001551858,0.3366906732424622,False,0.352934077012784,46.15384615384615,23.20575430148814,99
11110174,11,6,0.3215357582153114,0.9227514992854011,75.0,0.12788350551550562,1.1836779675687894,0.5454545454545454,0.2800877556899882,0.5247190304923521,0.20336371728066355,0.2703665448073134,False,0.3515328959541624,54.54545454545454,28.00877556899882,100
41285107,10,5,0.3315973896809942,0.9543539214452522,75.7,0.1521750124249818,1.2025159779294075,0.5,0.2365895936154873,0.5501563593499941,0.20605982716885418,0.34081333750523574,False,0.35150437211378904,50.0,23.658959361548728,101
11200115,10,5,0.31819554510958553,0.9468324976335971,84.7,0.16928952914074888,1.2043107289014825,0.5,0.2365895936154873,0.5162744656606202,0.2407240971598764,0.390446438312598,False,0.3512664241684493,50.0,23.658959361548728,102
11740105,12,6,0.3337460690931233,0.9496775728840015,87.83333333333333,0.1339324425797381,1.2900246588059265,0.5,0.2537781703934222,0.5555885464662077,0.25279239856415814,0.2879088165566437,False,0.35114741244790215,50.0,25.377817039342222,103
11380102,11,5,0.3223741250408224,0.9582677309419897,100.54545454545455,0.1811847880718518,1.4615129617640024,0.45454545454545453,0.21270957543988048,0.5268385488544187,0.30175422099255483,0.4249433858725132,False,0.3493950295507685,45.45454545454545,21.270957543988047,104
41285105,31,13,0.31648152791892736,0.9534847731656045,65.48387096774194,0.14295516627444566,1.7219041160360677,0.41935483870967744,0.26415303073549257,0.5119411704991814,0.1667115321647082,0.31407524369763495,False,0.3484739152570277,41.935483870967744,26.415303073549257,105
41281120,21,9,0.32883833137630397,0.9397946872233427,57.76190476190476,0.14199495025841066,1.2572553450525388,0.42857142857142855,0.24469699486521046,0.5431810419103534,0.1369697186735205,0.3112905610149623,False,0.3475609222087037,42.857142857142854,24.469699486521044,106
41570103,15,6,0.314414310870471,0.946478477747826,102.8,0.19986688997988653,1.5512259205049765,0.4,0.19824228082594664,0.5067149325812992,0.31043779569737656,0.4791225755449072,False,0.3469601352963445,40.0,19.824228082594665,107
11680104,13,6,0.30787402734911684,0.9621028411021122,105.3076923076923,0.17722698756137856,2.434274094604358,0.46153846153846156,0.23205754301488138,0.49018010487245994,0.3200963871649605,0.41346553259893665,False,0.345775909488966,46.15384615384615,23.20575430148814,108
11650101,45,18,0.3085569919553279,0.9516885818676171,80.42222222222222,0.1409329598520874,1.2631262542092025,0.4,0.27024679447957545,0.49190674287799346,0.22424787006537814,0.3082107266399177,False,0.34433756543116933,40.0,27.024679447957546,109
28110145,61,24,0.2671093215301124,0.9521645451826546,50.24590163934426,0.18354344163602737,1.799707460867137,0.39344262295081966,0.28068166862043625,0.3871207519991464,0.10802118961865351,0.4317836193459201,False,0.3428337837791461,39.34426229508197,28.068166862043626,110
41570109,23,10,0.29779064962796636,0.9404126263092323,81.0,0.16314220465854412,1.9370603973032567,0.43478260869565216,0.25634368332198654,0.46468779818605943,0.2264732306080117,0.3726188372889743,False,0.34210194857460596,43.47826086956522,25.634368332198655,111
41360111,9,4,0.3265935068775729,0.9439953067639766,108.33333333333333,0.1772373025902964,1.232879256240606,0.4444444444444444,0.188775429471914,0.5375057854475549,0.3317499024325976,0.41349544678691014,False,0.33833853972760547,44.44444444444444,18.8775429471914,112
11305103,14,7,0.287409857907771,0.9410234893940922,96.78571428571429,0.15657038378781732,1.4323429813563318,0.5,0.2679886791947528,0.4384435838466731,0.28727325971924905,0.3535601718775104,False,0.3362394491268804,50.0,26.798867919475278,113
11500102,31,13,0.28599068338992206,0.947954803781573,70.2258064516129,0.16145503542660317,1.3369318848133938,0.41935483870967744,0.26415303073549257,0.43485569563589577,0.1849755023750317,0.3677259477053112,False,0.33607841359957724,41.935483870967744,26.415303073549257,114
11230106,26,9,0.31943519132365766,0.944493540128495,104.84615384615384,0.17295713697996723,1.826991223922725,0.34615384615384615,0.19412014972852126,0.519408479117785,0.31831873229362606,0.40108271584406313,False,0.3330991617684088,34.61538461538461,19.412014972852127,115
41390118,7,3,0.32496745840963986,0.970689630776798,118.57142857142857,0.1948088387964273,1.5865517429808949,0.42857142857142855,0.15821692226262685,0.5333948885459588,0.3711828021578345,0.4644539308822071,False,0.3320177138715425,42.857142857142854,15.821692226262684,116
41285104,36,16,0.28020853128514506,0.9368781523303313,55.0,0.13401847167242387,1.1922540057305062,0.4444444444444444,0.29541029876543135,0.42023753901827643,0.1263320061895031,0.2881583059638266,False,0.3314080722809639,44.44444444444444,29.541029876543135,117
41281128,14,6,0.3391006898006661,0.9361020192674614,54.785714285714285,0.12630955428292237,1.192079919703541,0.42857142857142855,0.21380509930400526,0.5691258389331666,0.12550666642781214,0.26580199405253185,False,0.330800700142459,42.857142857142854,21.380509930400528,118
41220256,28,9,0.266842569425535,0.9641234084161264,182.53571428571428,0.24883265559731646,1.4406762449660526,0.32142857142857145,0.1793304754342074,0.3864463622611853,0.6175467210225994,0.6211261635726424,False,0.32982437910998774,32.142857142857146,17.93304754342074,119
11320108,13,7,0.2941758204980372,0.9396173342583659,73.23076923076923,0.11628507070026614,1.290567423632266,0.5384615384615384,0.29143432431832045,0.4555489624360312,0.19654937360721472,0.23673040456725292,False,0.3297279318034202,53.84615384615385,29.143432431832046,120
11500109,99,38,0.27024081457651644,0.950693032924928,50.64646464646464,0.14465651401893279,1.7589433176525524,0.3838383838383838,0.2940849459345473,0.3950376408961889,0.1095639923105687,0.3190092517980631,False,0.32935561559574295,38.38383838383838,29.40849459345473,121
11560121,9,4,0.3176397103288635,0.9681820406336819,85.88888888888889,0.16755427818265617,1.4882376964476878,0.4444444444444444,0.188775429471914,0.5148692311163054,0.24530320443029535,0.38541410890713246,False,0.32593130585227514,44.44444444444444,18.8775429471914,122
11140162,22,10,0.2856925159325112,0.9475480142218367,85.18181818181819,0.13966758701778847,1.3187046980591208,0.45454545454545453,0.26920014432004846,0.4341018831259986,0.2425798611088907,0.3045410713124146,False,0.3257388513603068,45.45454545454545,26.920014432004848,123
11170131,14,7,0.2851031926059472,0.9438897187240781,78.85714285714286,0.13723287937053058,1.2803537231982787,0.5,0.2679886791947528,0.4326119844636974,0.21821983299110165,0.29748027654387293,False,0.3232739902452602,50.0,26.798867919475278,124
11590102,43,16,0.2942240140255855,0.949482528757448,72.72093023255815,0.14613616643342286,1.6261706093375683,0.37209302325581395,0.2437613889377433,0.45567080297583207,0.1945856850865546,0.3233003304576542,False,0.32324200145315213,37.2093023255814,24.37613889377433,125
11290134,18,7,0.31692415191518175,0.9450725027428142,82.94444444444444,0.14487202513488684,1.1709786500430028,0.3888888888888889,0.2030499192693116,0.5130601910269564,0.2339624247418745,0.31963424665598983,False,0.3193698662739407,38.88888888888889,20.30499192693116,126
11650108,70,25,0.28005463397573227,0.953103744659666,84.72857142857143,0.14413076819931492,1.3355079744693632,0.35714285714285715,0.2550317346898088,0.41984846330195835,0.24083414246143517,0.31748455813025406,False,0.3169673179615427,35.714285714285715,25.503173468980876,127
11545102,32,13,0.26601442138687703,0.9630482520387151,80.71875,0.16116583010127597,1.6134098504833823,0.40625,0.25519402480313796,0.3843526785406074,0.22538997217079224,0.36688723532421497,False,0.3162802630285942,40.625,25.519402480313797,128
28260106,6,3,0.2955233200651038,0.9717345748261135,44.0,0.1795750058461527,1.5260104494670557,0.5,0.1876128068994087,0.45895564551122736,0.08396456508936488,0.42027492313921183,False,0.3155480817309149,50.0,18.76128068994087,129
11230110,12,5,0.3235279160720139,0.9485177939708617,91.08333333333333,0.1344817727277429,1.1766617990035886,0.4166666666666667,0.19325746190524654,0.529755507400706,0.26531005161647175,0.2895019061580186,False,0.3134557644044388,41.66666666666667,19.325746190524654,130
11410111,19,7,0.3067865976089225,0.9504980830157357,82.52631578947368,0.14866384251583306,2.574348703259478,0.3684210526315789,0.19149272376273838,0.48743091772470487,0.23235196645444237,0.33063073913294244,False,0.3081017850253691,36.84210526315789,19.14927237627384,131
11200102,7,3,0.33035660444917603,0.9428542326343744,95.0,0.14457925850272477,1.2725885760981497,0.42857142857142855,0.15821692226262685,0.547019466283386,0.280395428371824,0.3187852062765004,False,0.3069713422716293,42.857142857142854,15.821692226262684,132
11170107,11,4,0.3338197345675635,0.8841147715174987,58.0,0.14478226932851723,1.0781396528829295,0.36363636363636365,0.15166223614131386,0.5557747839471947,0.1378867628531772,0.31937394956086446,False,0.3064383431669882,36.36363636363637,15.166223614131386,133
11500105,40,13,0.2892396511731364,0.9514873543151376,67.025,0.15458665229762483,1.3030085798725373,0.325,0.20084316962661727,0.44306957846706324,0.17264732248306336,0.34780723437640315,False,0.30290390522870825,32.5,20.084316962661728,134
11710106,9,4,0.28275351998580633,0.9690254405717064,103.0,0.17042730230140415,2.608972718809306,0.4444444444444444,0.188775429471914,0.4266716560636586,0.3112081128082882,0.3937460471135108,False,0.3011384209777567,44.44444444444444,18.8775429471914,135
11500104,13,5,0.31752084415307313,0.9422146131852419,54.38461538461539,0.13221900078918047,1.3096519565377776,0.38461538461538464,0.17709446581236818,0.5145687194136116,0.1239617996943905,0.28293973501430913,False,0.2995057957331294,38.46153846153847,17.70944658123682,136
11710111,9,5,0.25044698770307233,0.9449563772400632,95.44444444444444,0.1410323644820458,1.2618205664220443,0.5555555555555556,0.26664734574402965,0.344995847450631,0.2821072441738498,0.30849900588854523,False,0.2985222282849132,55.55555555555556,26.664734574402964,137
28200103,8,4,0.24984110524186925,0.93603495346617,108.75,0.18573569126735856,1.3762642586061025,0.5,0.2152125268244419,0.343464084786965,0.3333547297469968,0.4381412716684377,False,0.29827374318199795,50.0,21.52125268244419,138
11410119,17,7,0.28560531502485526,0.9387480103219971,62.64705882352941,0.13770208498532002,2.0132471173568067,0.4117647058823529,0.21610786039131383,0.4338814260189882,0.1557853074890645,0.29884100030633653,False,0.2979865580626207,41.17647058823529,21.610786039131384,139
11380105,7,3,0.3131360924580734,0.9339896867060522,75.85714285714286,0.15046059559294941,1.7490361153010077,0.42857142857142855,0.15821692226262685,0.5034834027624077,0.2066650763274276,0.33584142828551994,False,0.2973217676171397,42.857142857142854,15.821692226262684,140
11740103,13,5,0.30324732050377823,0.9497650808084699,94.84615384615384,0.14521717994424327,1.2270167382979627,0.38461538461538464,0.17709446581236818,0.47848308894078034,0.2798028767480458,0.3206352158175175,False,0.2962192027519217,38.46153846153847,17.70944658123682,141
11440125,10,5,0.26940582205611835,0.9332477525210292,53.4,0.1377674345750072,1.419210772262399,0.5,0.2365895936154873,0.3929266532887139,0.12016946930221029,0.2990305179437043,False,0.2959788963830987,50.0,23.658959361548728,142
11260103,10,3,0.3181380781832638,0.9512193728123854,126.5,0.18037516861170783,1.3209549751753529,0.3,0.10778928748621182,0.5161291805636385,0.4017203733404017,0.4225954420217875,False,0.293252486316555,30.0,10.778928748621182,143
11200101,5,1,0.40033992885227576,0.9505015095940751,65.6,0.13456893690731758,1.1719020150068795,0.2,0.036223160969787456,0.7239479140668655,0.16715881306781813,0.289754687383657,False,0.29324689218168476,20.0,3.6223160969787456,144
11140105,6,3,0.27462418109410075,0.9527954780780262,88.83333333333333,0.16835733046024556,1.3644378903500716,0.5,0.1876128068994087,0.4061194556090081,0.2566439841187162,0.3877430075438351,False,0.2931908416411738,50.0,18.76128068994087,145
11740109,11,5,0.2674663450933072,0.943652458484134,106.27272727272727,0.15532146584293657,1.2242587254832857,0.45454545454545453,0.21270957543988048,0.38802336166219037,0.3238133018959326,0.34993823669301977,False,0.2927494435572013,45.45454545454545,21.270957543988047,146
28237106,8,2,0.3395991865957442,0.9572485896964622,61.75,0.17989612881467418,3.135829911939275,0.25,0.07147768885802765,0.57038611436207,0.15233020868276975,0.42120619855486524,False,0.2910959184486078,25.0,7.147768885802765,147
41287103,6,3,0.29643442293414163,0.9730831408192923,67.66666666666667,0.13596491328170682,1.5930172262537956,0.5,0.1876128068994087,0.461259051612107,0.17511875654723807,0.2938031006263708,False,0.2909447390586106,50.0,18.76128068994087,148
41285106,43,14,0.27959716221319403,0.9486848953155811,58.86046511627907,0.1350277908172258,1.2428719708757194,0.32558139534883723,0.20493115181779817,0.4186919053713225,0.14120091786523875,0.2910853905957054,False,0.2862902256394369,32.55813953488372,20.493115181779817,149
11560117,5,2,0.3323078249784545,0.9476865837978172,55.2,0.13717845982855253,4.469308049646036,0.4,0.11761823115925325,0.5519524474252938,0.12710232330041474,0.29732245668499263,False,0.2838593411442133,40.0,11.761823115925326,150
11710101,25,8,0.30110011851695573,0.9598859900764748,78.4,0.1286970259359836,1.5040661327860756,0.32,0.1720498751689115,0.4730546369795974,0.21645910816616085,0.27272580167147203,False,0.28248648901262935,32.0,17.204987516891148,151
11230105,21,7,0.29372178466145205,0.9478755683791784,81.28571428571429,0.13657007781476208,1.8530175843850931,0.3333333333333333,0.17194536432683688,0.4544010910468074,0.22757368362359973,0.2955581132143979,False,0.2814046321203403,33.33333333333333,17.194536432683687,152
11740101,8,3,0.3080508817870456,0.9565272183589857,112.125,0.14562337398348704,1.3561628686886653,0.375,0.13684175946152105,0.49062721968807116,0.34635383099363015,0.32181320232055227,False,0.2799716861012923,37.5,13.684175946152106,153
41310101,6,3,0.2898923847034885,0.9614203162533027,94.16666666666667,0.1237863959111027,1.266465199862184,0.5,0.1876128068994087,0.4447197877322909,0.27718577374302567,0.2584846870025412,False,0.27891927716989984,50.0,18.76128068994087,154
11560132,42,13,0.27766728721109396,0.9464033833420428,67.5952380952381,0.13698953987942358,1.2888670396117525,0.30952380952380953,0.1907092651972273,0.41381288895634094,0.1748436432933411,0.29677457776820143,False,0.2788534148391562,30.952380952380953,19.070926519722732,155
11215107,12,3,0.3109621422478794,0.930269486960598,91.0,0.17850235664225658,1.177600576251287,0.25,0.08894003962896137,0.49798732723971995,0.2649890861535919,0.41716417762696095,False,0.27729905351178885,25.0,8.894003962896138,156
41480117,18,5,0.31151225867999993,0.9344822343682068,85.61111111111111,0.14608459450988237,1.6563268938099027,0.2777777777777778,0.12499569146355476,0.4993781049323407,0.24423331955402924,0.32315076885901695,False,0.27694143098328294,27.77777777777778,12.499569146355476,157
11215105,37,10,0.2776955571025411,0.9309976851381281,87.78378378378379,0.16493001217189185,1.2680625659957867,0.2702702702702703,0.15397298246990687,0.4138843595253003,0.2526015542348783,0.3778035837827155,False,0.2767125158490866,27.027027027027028,15.397298246990687,158
11200114,16,4,0.310727322201458,0.915538626096143,82.8125,0.1629002558113422,1.243330913355426,0.25,0.10181901984237347,0.49739366658304013,0.2334542294256481,0.3719171714620723,False,0.27451104418851324,25.0,10.181901984237347,159
11500108,92,29,0.24935484317195042,0.9519530929613526,46.97826086956522,0.13179006938160326,1.5329555149337994,0.31521739130434784,0.2293129742179435,0.34223474059703807,0.0954355916322877,0.28169580881146694,False,0.27366607105037655,31.521739130434785,22.93129742179435,160
11440101,15,5,0.29450282392568056,0.9435026065674738,64.46666666666667,0.13590492564382906,1.2033831883006656,0.3333333333333333,0.15176100694691236,0.45637567664782785,0.1627936827726524,0.29362913296327925,False,0.2715190330604604,33.33333333333333,15.176100694691236,161
41287101,35,12,0.27227019712239864,0.9477643820505829,56.31428571428572,0.11459023683635208,1.3530354406158902,0.34285714285714286,0.20831495282688925,0.40016822745897757,0.13139409006120795,0.23181528710197966,False,0.27057100207153384,34.285714285714285,20.831495282688923,162
28260103,15,6,0.2652510957935053,0.948146346158655,35.6,0.13219334524617962,1.6258990129834134,0.4,0.19824228082594664,0.3824228757834426,0.05161124643107751,0.28286533243705986,False,0.27042106963541807,40.0,19.824228082594665,163
11545103,14,6,0.24548441051860684,0.9482933556979581,69.14285714285714,0.14417200117531717,1.4913560842437146,0.42857142857142855,0.21380509930400526,0.3324497004114329,0.18080443046110942,0.3176041361755179,False,0.2701582870105361,42.857142857142854,21.380509930400528,164
28185106,9,3,0.2737172947304958,0.9606246361567463,49.111111111111114,0.18730673162783085,1.8054508999151517,0.3333333333333333,0.12058159868274292,0.40382670947273674,0.10365044681266146,0.44269738072361886,False,0.26997828832791626,33.33333333333333,12.058159868274291,165
41570256,9,4,0.264681297265987,0.956627451649005,70.55555555555556,0.13658327688211205,1.654459806404724,0.4444444444444444,0.188775429471914,0.380982338771476,0.1862455592604057,0.29559639128273163,False,0.26780169462394615,44.44444444444444,18.8775429471914,166
11170128,16,5,0.29510855146784776,0.9458815926259084,69.0625,0.13708260238067557,1.1680272879591813,0.3125,0.14164435051961052,0.4579070476526982,0.1804949280504753,0.29704446447214616,False,0.26760318245004394,31.25,14.164435051961052,167
41135102,10,4,0.24894241051421284,0.9711624585759278,120.1,0.17170467846706264,1.6027958784437353,0.4,0.16817758120350967,0.3411920483475471,0.37707022579123034,0.3974505128049458,False,0.2659365076670081,40.0,16.817758120350966,168
11590101,15,5,0.28717649457643707,0.9526297128315281,72.0,0.13570395283394937,1.332924761328504,0.3333333333333333,0.15176100694691236,0.437853605986452,0.1918089606169895,0.2930463000444211,False,0.26584584527827604,33.33333333333333,15.176100694691236,169
11680105,32,10,0.2862723375390675,0.9410102142663267,65.5,0.11160663548132171,1.329533252212098,0.3125,0.17952352116618736,0.4355677600004442,0.16677365451236234,0.22316266843429747,False,0.2650646222700864,31.25,17.952352116618737,170
11200109,8,4,0.2367921024421341,0.9588375697574285,82.125,0.14351913935838911,1.783252229289146,0.5,0.2152125268244419,0.3104742285580552,0.23080626435688947,0.3157107986708126,False,0.26389069171380003,50.0,21.52125268244419,171
11710102,27,10,0.24471942505840324,0.942006433627378,85.29629629629629,0.1312390357672502,1.2471702765770327,0.37037037037037035,0.21532287067936856,0.33051570125941837,0.2430207833609276,0.2800977790579166,False,0.2628357015290931,37.03703703703704,21.532287067936856,172
11380108,14,5,0.29122840774393793,0.9252953036732101,53.642857142857146,0.11291088722133828,1.2242713226104873,0.35714285714285715,0.16344490737202735,0.44809745640930526,0.1211048543654601,0.22694507486537024,False,0.2615407055818793,35.714285714285715,16.344490737202737,173
11740108,19,6,0.28052938406830663,0.9384952029565804,86.21052631578948,0.13271115493292246,1.3584048474657853,0.3157894736842105,0.15364171004428598,0.4210487034688934,0.2465420184975509,0.2843670108547425,False,0.2600088682337595,31.57894736842105,15.364171004428599,174
28260101,7,3,0.27970416436225054,0.9378186128996726,37.57142857142857,0.12884607861509448,1.3535359501042457,0.42857142857142855,0.15821692226262685,0.41896242301682646,0.059204372238634735,0.2731580631703377,False,0.2594288006704289,42.857142857142854,15.821692226262684,175
11290136,15,6,0.26385641642915275,0.9483272953499068,64.4,0.11442530688447956,2.8315777460064884,0.4,0.19824228082594664,0.37889691503214656,0.16253691040234855,0.23133698058223431,False,0.25905761103906416,40.0,19.824228082594665,176
41135101,5,2,0.2806696943410619,0.9607252587649026,111.8,0.15809641341671576,1.4539630778332995,0.4,0.11761823115925325,0.42140342909786865,0.34510206568839874,0.3579857471750214,False,0.2568272937439915,40.0,11.761823115925326,177
11590109,20,8,0.24071094237896928,0.950677835588104,62.15,0.122745457336585,1.40212035100886,0.4,0.21880396741419272,0.32038164969087357,0.153870842904593,0.25546590417265785,False,0.25660965944889,40.0,21.880396741419272,178
41281123,46,13,0.26964630141025075,0.9403996774518995,61.630434782608695,0.12413166416160056,1.592500926178087,0.2826086956521739,0.1732404154491407,0.3935346215327708,0.15186969301863784,0.25948598515002286,False,0.25657779121440616,28.26086956521739,17.32404154491407,179
11620101,71,19,0.2698644248162001,0.9446805258804037,68.28169014084507,0.11835881498106304,1.2942883396007725,0.2676056338028169,0.17852666541700804,0.3940860705525055,0.1774875720760977,0.242744384432817,False,0.25603803076081905,26.76056338028169,17.852666541700803,180
11260101,31,10,0.2595117995981379,0.9325108521369753,78.48387096774194,0.12323534763612941,1.5433966151008167,0.3225806451612903,0.18569230747313034,0.3679130653982274,0.21678214437396248,0.25688661473233354,False,0.2545973963025001,32.25806451612903,18.569230747313036,181
11350106,20,7,0.27768706058953124,0.9384671407580708,68.2,0.10277373972033717,1.1973689255185538,0.35,0.1811895478679446,0.4138628790530416,0.177172935509669,0.19754675341859732,False,0.2542629883336043,35.0,18.11895478679446,182
11230108,6,2,0.3000607987496076,0.9343600076214376,83.5,0.1452829061032861,1.2076746726785317,0.3333333333333333,0.09676933255921684,0.4704270791326963,0.23610219449440675,0.32082582552807093,False,0.2536779551250315,33.33333333333333,9.676933255921684,183
11170133,5,3,0.2501694765718558,0.9362110413621997,42.4,0.09358127108747598,1.3083602108462962,0.6,0.23071993220883702,0.3442942572631462,0.07780202820207205,0.17088805601565016,False,0.25282585448649236,60.0,23.0719932208837,184
41135105,12,4,0.26561211651794386,0.9496313499424174,104.91666666666667,0.15080987397603493,1.3784547837579628,0.3333333333333333,0.13811783989736134,0.38333559087575036,0.3185903184545244,0.33685435605236397,False,0.25143046842187855,33.33333333333333,13.811783989736135,185
11290133,26,9,0.2575514615784277,0.951001434709024,58.5,0.110864743233191,1.8062672140959366,0.34615384615384615,0.19412014972852126,0.3629570338590496,0.1398125556304562,0.22101113746493337,False,0.2501494125149622,34.61538461538461,19.412014972852127,186
11290103,16,4,0.3024668875758141,0.9541648584269746,59.3125,0.11400162130138092,1.2823134198086399,0.25,0.10181901984237347,0.4765100362497067,0.14294196889353458,0.23010826757760777,False,0.23988417431162032,25.0,10.181901984237347,187
11560118,10,3,0.2975791057792636,0.935273979905231,52.4,0.11482339844373982,1.111508982453033,0.3,0.10778928748621182,0.46415298328396165,0.11631788374765227,0.23249146941878562,False,0.23963883261205152,30.0,10.778928748621182,188
41135114,6,2,0.28151373023446435,0.9515934860357053,101.66666666666667,0.14505942085159595,1.3554781348080596,0.3333333333333333,0.09676933255921684,0.4235372797225272,0.30607266540221084,0.320177705209495,False,0.23948139123826556,33.33333333333333,9.676933255921684,189
11215103,19,6,0.25476578720294857,0.9324257790885239,73.63157894736842,0.12995663030404248,1.1678099711031886,0.3157894736842105,0.15364171004428598,0.3559144269596565,0.1980931265217947,0.2763787281090421,False,0.23887092873184837,31.57894736842105,15.364171004428599,190
11170129,14,5,0.2667057154444215,0.9376620565743136,52.357142857142854,0.10507195993265306,1.3838454042031771,0.35714285714285715,0.16344490737202735,0.3861003746611688,0.11615281579531406,0.2042117266322613,False,0.2383949114108166,35.714285714285715,16.344490737202737,191
11110175,9,3,0.2919579040386413,0.9217495462648126,55.55555555555556,0.10894714432618455,1.2127572516832599,0.3333333333333333,0.12058159868274292,0.4499417335737086,0.12847177594203535,0.21544998832819753,False,0.23836331707912353,33.33333333333333,12.058159868274291,192
11590107,41,12,0.25407526475656467,0.94348810273451,61.65853658536585,0.11056573566074328,1.2457650122713453,0.2926829268292683,0.17609017633058882,0.3541686815890216,0.15197792951619432,0.22014399799310766,False,0.2383244922406224,29.268292682926827,17.609017633058883,193
41220125,5,2,0.21340923227186,0.9987125173544186,46.6,0.21340923227186,2.335892482657265,0.4,0.11761823115925325,0.2513587898555465,0.09397868753121574,0.5183961613147056,False,0.23789598479923169,40.0,11.761823115925326,194
28237105,5,2,0.2702777621104858,0.9616965963384434,47.2,0.1387383162286306,1.5552855399166916,0.4,0.11761823115925325,0.3951310498602584,0.09628963886395056,0.3018461316000288,False,0.2377176568577099,40.0,11.761823115925326,195
11350102,17,6,0.25902712659870863,0.9542409495372972,71.76470588235294,0.10382743629419394,2.0816281606611757,0.35294117647058826,0.17309486143904904,0.3666877386192699,0.1909027051923876,0.20060253519375107,False,0.2366742593440557,35.294117647058826,17.309486143904902,196
11500111,73,22,0.23134249517185576,0.9542504817686965,36.04109589041096,0.10972809548221414,1.379818273159255,0.3013698630136986,0.2082244364335746,0.2966967956683823,0.05331016499075925,0.2177147924179989,False,0.23666421540090177,30.136986301369863,20.82244364335746,197
41287104,52,12,0.2802677796085989,0.9395131717452129,50.63461538461539,0.10268144136901722,1.969389520094317,0.23076923076923078,0.13724127341871611,0.42038732775712057,0.10951835386479793,0.19727908279420883,False,0.23419265159533598,23.076923076923077,13.724127341871611,198
11320105,8,3,0.28873576449754335,0.9541469946467493,52.5,0.08602223400503255,2.985708066434933,0.375,0.13684175946152105,0.44179567660355723,0.11670304230310807,0.14896640577273887,False,0.23075286386637545,37.5,13.684175946152106,199
11380109,7,3,0.2471401292214965,0.9412855877589498,50.0,0.12111247867963651,1.4399906154074398,0.42857142857142855,0.15821692226262685,0.33663560816255667,0.10707407841671301,0.25073017043020707,False,0.23024517766612185,42.857142857142854,15.821692226262684,200
11200107,13,4,0.2748105631115071,0.9433081969638273,66.6923076923077,0.11181918042930111,1.343190728390604,0.3076923076923077,0.1268049716161809,0.4065906575891329,0.17136592959664307,0.22377906123138055,False,0.23013549533110644,30.76923076923077,12.68049716161809,201
41220250,30,10,0.18662537427713716,0.9745891311109885,85.26666666666667,0.16748673264688926,1.8402978431903676,0.3333333333333333,0.19230295526846194,0.183645138623946,0.24290666230745925,0.3852182228975253,False,0.22828866380091983,33.33333333333333,19.230295526846195,202
41285101,7,3,0.2636186589973067,0.9419768109003097,51.142857142857146,0.09447550819437422,1.4694879819969866,0.42857142857142855,0.15821692226262685,0.3782958282200481,0.11147589047906506,0.1734813959976945,False,0.22729348879686675,42.857142857142854,15.821692226262684,203
41131108,6,2,0.24907834677058216,0.9364565892902498,124.16666666666667,0.15941797673093963,1.3362901264269595,0.3333333333333333,0.09676933255921684,0.34153571580035896,0.3927333403797663,0.3618183581851679,False,0.2232090526567497,33.33333333333333,9.676933255921684,204
28140107,8,2,0.2860241143114839,0.9574423357881605,56.625,0.1321728848640876,1.2150938626299643,0.25,0.07147768885802765,0.43494021407097094,0.1325908327156599,0.28280599613070684,False,0.22278210787644645,25.0,7.147768885802765,205
11305101,36,9,0.25768179423845866,0.9443193215545366,63.52777777777778,0.11172671976898416,1.6975400697224945,0.25,0.13750323839225387,0.3632865345712757,0.15917747189087295,0.22351091990139496,False,0.22243976354778863,25.0,13.750323839225388,206
11680118,29,9,0.22796350540698693,0.9426519545927227,66.10344827586206,0.11260248095766415,1.2351285080263752,0.3103448275862069,0.17275424489768065,0.2881541975669976,0.16909788717459562,0.22605067863854264,False,0.21803351744664817,31.03448275862069,17.275424489768064,207
11305102,15,5,0.24684071169054736,0.9479227622537023,61.333333333333336,0.10500059577185378,1.2688714135667234,0.3333333333333333,0.15176100694691236,0.3358786352773468,0.15072538136837063,0.20400476638641807,False,0.21744504733394382,33.33333333333333,15.176100694691236,208
28260110,8,2,0.26715642342910156,0.9500740142740118,53.125,0.14643357573207064,1.668513993109926,0.25,0.07147768885802765,0.387239832736549,0.11911028327470684,0.3241628348418553,False,0.21674336121834958,25.0,7.147768885802765,209
11710104,11,3,0.28054668237800723,0.9381725174707529,67.81818181818181,0.10235091083236081,1.2239738547669041,0.2727272727272727,0.09745880573921469,0.42109243621681164,0.17570233011611047,0.19632052487999876,False,0.21432123871065056,27.27272727272727,9.745880573921468,210
11290135,15,4,0.24269792799239992,0.9541358271846843,76.46666666666667,0.13674937802516646,1.5207881217749217,0.26666666666666666,0.10897276103182815,0.32540505038455103,0.20901270942734868,0.2960780943254966,False,0.2113235144963787,26.666666666666668,10.897276103182815,211
11650107,40,11,0.23212145047548444,0.9464316976301431,52.8,0.09957091654017015,1.5471365210559962,0.275,0.1610785343314309,0.29866611270125,0.11785851796947547,0.1882583786190369,False,0.20779077669989782,27.500000000000004,16.10785343314309,212
11680110,11,3,0.25863334754584644,0.9406990627374636,67.81818181818181,0.11841028808330467,1.2862214562322543,0.2727272727272727,0.09745880573921469,0.36569220550924986,0.17570233011611047,0.24289365944390004,False,0.2070157964111623,27.27272727272727,9.745880573921468,213
11410117,12,3,0.2553997069920502,0.9257583375256399,53.916666666666664,0.12833086153570114,1.1565879085148576,0.25,0.08894003962896137,0.3575170722363936,0.12215945517206526,0.27166390346580765,False,0.20605792217856028,25.0,8.894003962896138,214
11440103,6,2,0.2724166702542114,0.9499886569236864,47.0,0.09925126340868025,1.3989716512113362,0.3333333333333333,0.09676933255921684,0.4005385337294306,0.09551932175303895,0.18733136581685764,False,0.20601249956180911,33.33333333333333,9.676933255921684,215
11590105,12,4,0.2361474182088071,0.9350206264765504,58.916666666666664,0.11088668577111715,1.2221542391030906,0.3333333333333333,0.13811783989736134,0.30884436913531566,0.1414173829448554,0.22107477211000956,False,0.20592718511127728,33.33333333333333,13.811783989736135,216
28245103,10,3,0.24639359339423123,0.9574791459287368,39.8,0.12347658248779281,2.614042680623853,0.3,0.10778928748621182,0.3347482524780509,0.06778790576022119,0.2575862099303579,False,0.20583636147259277,30.0,10.778928748621182,217
11200113,11,3,0.26956812060198987,0.9576522900382511,61.0,0.10142272258551945,1.159511524900932,0.2727272727272727,0.09745880573921469,0.3933369686037333,0.14944151951685125,0.1936287246037313,False,0.2054562383714736,27.27272727272727,9.745880573921468,218
11290138,10,3,0.257163073653378,0.946846155277201,65.9,0.1078328409465196,1.391029858848595,0.3,0.10778928748621182,0.3619751303369893,0.16831428873418558,0.2122184432666918,False,0.20493087149754105,30.0,10.778928748621182,219
41285102,19,6,0.2333454348865202,0.9554187586358309,52.78947368421053,0.09849224978189626,2.271486297002762,0.3157894736842105,0.15364171004428598,0.301760530747303,0.11781797496363804,0.18513018184666552,False,0.204375050615667,31.57894736842105,15.364171004428599,220
11740110,6,2,0.27280077778171213,0.9315244937755113,71.83333333333333,0.0940594565937508,1.1380296399637817,0.3333333333333333,0.09676933255921684,0.4015096157579323,0.1911670296912298,0.1722748219893392,False,0.20329251540485593,33.33333333333333,9.676933255921684,221
11710107,31,8,0.24146842240833777,0.9415464670890304,62.96774193548387,0.09772696208351031,1.2245733493884667,0.25806451612903225,0.1370154373686976,0.32229667397653344,0.15702044593065898,0.1829108027013794,False,0.2017788814175847,25.806451612903224,13.701543736869759,222
11440104,8,3,0.2379624967385697,0.9343382007350484,48.0,0.09786446537478882,1.2460594324981946,0.375,0.13684175946152105,0.3134331626745633,0.09937090730759697,0.18330957029912776,False,0.19911274259295506,37.5,13.684175946152106,223
11680108,28,7,0.22844753491611727,0.9545193767537216,62.857142857142854,0.11544397686778539,1.6346301025799528,0.25,0.12676334942200781,0.2893778975049794,0.1565944641181733,0.23429118319341719,False,0.19705328060118116,25.0,12.676334942200782,224
41135109,9,3,0.2415765181361883,0.9398345432073965,71.11111111111111,0.10312322671548585,1.2359687170327756,0.3333333333333333,0.12058159868274292,0.3225699563549249,0.18838532901293792,0.19856028617264207,False,0.19677384348237734,33.33333333333333,12.058159868274291,225
28245102,10,3,0.22604183994382204,0.9529068351870726,40.3,0.13238104490768293,1.379017923843735,0.3,0.10778928748621182,0.2832959361103323,0.06971369853750019,0.28340967244826915,False,0.19556535906585945,30.0,10.778928748621182,226
11440123,5,2,0.23285619518039713,0.9629416761079025,42.8,0.11329420709914666,1.6000903940259572,0.4,0.11761823115925325,0.300523658641888,0.07934266242389525,0.22805672496059037,False,0.1945775581643111,40.0,11.761823115925326,227
11320107,26,5,0.26072973332580607,0.9346801731631665,60.80769230769231,0.09739363221430453,2.2895334564757794,0.19230769230769232,0.08506935771788268,0.37099218639994314,0.14870082998712855,0.18194412655882997,False,0.19022116009069026,19.230769230769234,8.506935771788267,228
11440122,12,2,0.2553458003459546,0.9339330326879293,57.25,0.13000661176875863,1.1964988557773704,0.16666666666666666,0.046964147614822246,0.3573807880672682,0.13499807368725866,0.2765236772839418,False,0.18600104568437992,16.666666666666664,4.696414761482225,229
11680101,68,14,0.22040697355738115,0.9410729153526866,59.01470588235294,0.10478441652202279,1.3768259827137115,0.20588235294117646,0.12679446140967612,0.26905014010501804,0.14179498937177282,0.20337783390111822,False,0.18478783951656713,20.588235294117645,12.679446140967613,230
11500112,12,3,0.23792431374439216,0.9364405345939217,42.916666666666664,0.10781546636552534,1.277885277646494,0.25,0.08894003962896137,0.31333663027989384,0.07979201407192701,0.21216805596424584,False,0.18090462009129799,25.0,8.894003962896138,231
41465102,6,1,0.27074581828665717,0.9358828331662186,90.16666666666667,0.11544543950015342,1.1521348595242622,0.16666666666666666,0.030052585871730285,0.39631436679228166,0.2617794315247936,0.23429542491294522,False,0.1807796879561387,16.666666666666664,3.0052585871730284,232
11200112,12,3,0.23871656755870277,0.9515707963614335,63.25,0.10453088239068364,1.4003502745582184,0.25,0.08894003962896137,0.31533956796272145,0.1581075870146068,0.20264257007171252,False,0.17960040421763962,25.0,8.894003962896138,233
41287105,7,1,0.27842519167036467,0.9070348490275244,58.714285714285715,0.10662622599958742,1.0787007200998588,0.14285714285714285,0.02567895594897479,0.4157289862651022,0.14063789539214722,0.20871918925377642,False,0.1793020117047733,14.285714285714285,2.567895594897479,234
11170130,7,2,0.2245883234545017,0.9457572158527647,71.57142857142857,0.12622790368572942,1.324351651060558,0.2857142857142857,0.08221716570901552,0.2796212261922686,0.19015828109360747,0.26556520253870985,False,0.17810799121993032,28.57142857142857,8.221716570901553,235
28260114,14,3,0.23699866964001254,0.9312109395777953,47.07142857142857,0.11428855351179219,2.314373651964986,0.21428571428571427,0.07571248336916371,0.3109964617328198,0.09579443500693595,0.23094038779232012,False,0.1773432577628918,21.428571428571427,7.571248336916371,236
11680106,28,4,0.2585546671019299,0.9366002806759307,60.535714285714285,0.10069162365718214,1.1671567304321413,0.14285714285714285,0.056989129307017855,0.3654932894255714,0.14765328336652075,0.19150849489389143,False,0.17644425045995865,14.285714285714285,5.698912930701786,237
41220124,8,2,0.19370964258816667,0.9729934796320682,55.25,0.17218687492436577,1.4421795434580797,0.25,0.07147768885802765,0.20155524230425395,0.12729490257814263,0.39884891077152296,False,0.1759751992745946,25.0,7.147768885802765,238
41450109,7,1,0.23914443014284778,0.9253153221106539,103.71428571428571,0.15184424518858056,1.2284688607070249,0.14285714285714285,0.02567895594897479,0.316421269404073,0.31395924534725816,0.33985409314790305,False,0.17573667742528992,14.285714285714285,2.567895594897479,239
11710108,16,4,0.2205142230517774,0.937761628482279,65.8125,0.10737637702587217,1.2188333897913137,0.25,0.10181901984237347,0.26932128307701797,0.16797727499816173,0.2108946711634722,False,0.17388482907698657,25.0,10.181901984237347,240
11230104,20,3,0.26469238849178806,0.9345066195985744,51.3,0.08894157707868812,1.0887323192968805,0.15,0.05236779195949582,0.381010379070815,0.11208113963763844,0.15743267166107294,False,0.171973544033207,15.0,5.236779195949582,241
11710112,9,2,0.24451665115134247,0.9360820445485688,68.44444444444444,0.09489546160023271,1.1692163000763145,0.2222222222222222,0.0632237623122272,0.33000305809859043,0.17811443420078318,0.17469928546974525,False,0.1655526556796398,22.22222222222222,6.32237623122272,242
41171102,5,0,0.278576921380916,0.9261345737358087,53.0,0.09935208461230847,1.0583219873682903,0.0,0.0,0.41611258196306955,0.11862883508038709,0.1876237532120909,False,0.16235852523133903,0.0,0.0,243
41570108,6,1,0.2493427195867358,0.9291188574954804,46.666666666666664,0.11153750825155832,1.2096181338465204,0.16666666666666666,0.030052585871730285,0.3422040903366812,0.0942354599015196,0.22296219541946677,False,0.16227995912076285,16.666666666666664,3.0052585871730284,244
11680107,13,3,0.2209323555175685,0.9281376159536279,54.76923076923077,0.10404551182618818,1.2261894943441867,0.23076923076923078,0.08179379092465708,0.27037838530488845,0.1254431787538359,0.2012349670083823,False,0.16225740445547154,23.076923076923077,8.179379092465707,245
41285103,7,1,0.2544002315253359,0.9324900360544733,54.0,0.10609331455359285,1.0988010321424915,0.14285714285714285,0.02567895594897479,0.35499024681860025,0.1224804206349451,0.20717371484981162,False,0.1607712949900298,14.285714285714285,2.567895594897479,246
11590103,6,1,0.24797849462669752,0.961472489891034,49.166666666666664,0.10324430434414893,1.665462885808531,0.16666666666666666,0.030052585871730285,0.33875512293386434,0.10386442378791466,0.19891141838681758,False,0.15643511349338796,16.666666666666664,3.0052585871730284,247
11590108,9,3,0.19999117613004574,0.9562189613966806,39.44444444444444,0.0875468157969049,3.5298370712188634,0.3333333333333333,0.12058159868274292,0.21743591085985206,0.06641845311860056,0.15338778225807997,False,0.15619912905094308,33.33333333333333,12.058159868274291,248
11500110,6,2,0.1887059129557165,0.9427585119012781,34.833333333333336,0.11628998166654773,1.3795438708653787,0.3333333333333333,0.09676933255921684,0.18890505564123805,0.04865836417258303,0.236744646657086,False,0.15240511230339704,33.33333333333333,9.676933255921684,249
11680103,34,5,0.22695372978220169,0.9463198770461936,56.61764705882353,0.09039839944228412,1.2672163203431286,0.14705882352941177,0.06449346382626417,0.2856013317889476,0.13256251223364113,0.16165754183600262,False,0.15025863981701687,14.705882352941178,6.449346382626417,250
11740107,16,3,0.23536071207814577,0.9302161500792504,48.5625,0.07124329445217659,1.0900287434625,0.1875,0.06591478773586763,0.30685545683732407,0.10153742418203586,0.10610661552362011,False,0.14623535402385507,18.75,6.591478773586763,251
41287106,8,1,0.23995308744049343,0.9417853167464553,48.125,0.10021011977181467,1.2425803812866991,0.125,0.02241690886329618,0.318465677578185,0.09985235550191672,0.190112105426489,False,0.1447705787904014,12.5,2.241690886329618,252
11440120,7,1,0.24458004182339368,0.9666186431774023,37.57142857142857,0.08579624157205616,1.7664239172239196,0.14285714285714285,0.02567895594897479,0.3301633193223267,0.059204372238634735,0.14831101448159686,False,0.14155067666750476,14.285714285714285,2.567895594897479,253
41820325,5,1,0.18026832291279007,0.980434621159002,126.2,0.1442684231221167,1.3636514851593968,0.2,0.036223160969787456,0.16757354957088347,0.4005648976740343,0.3178837654683004,False,0.13196039844981883,20.0,3.6223160969787456,254
28177101,7,2,0.1672004977767411,0.9578580810405857,53.142857142857146,0.11647604168097736,1.5264940063587744,0.2857142857142857,0.08221716570901552,0.1345361076238605,0.1191790615881811,0.23728423159575374,False,0.12892626146081668,28.57142857142857,8.221716570901553,255
11170124,7,1,0.24405477006175907,0.944773464644527,29.0,0.060511891179580425,2.998911552749236,0.14285714285714285,0.02567895594897479,0.3288353527210946,0.026190781770994553,0.074984917535939,False,0.12648706729800357,14.285714285714285,2.567895594897479,256
28260113,5,1,0.20106205210277336,0.9542655884017186,44.4,0.10028380659970101,1.3966771308566213,0.2,0.036223160969787456,0.2201432475752672,0.0855051993111881,0.19032580154291442,False,0.12221971506605678,20.0,3.6223160969787456,257
28200110,6,0,0.19958790208518754,0.965926105537752,54.5,0.1286903472000208,1.3308266718658013,0.0,0.0,0.21641637297140948,0.1244062134122241,0.272706432946032,False,0.11946619848062924,0.0,0.0,258
28185103,9,1,0.1979137246396636,0.9572464805951483,44.888888888888886,0.11354572710102727,1.3339838924557899,0.1111111111111111,0.019890371327130518,0.21218379872208534,0.08738819669341645,0.2287861476966065,False,0.11935755481951216,11.11111111111111,1.9890371327130518,259
28260109,9,2,0.1718330614929554,0.9589099878245452,27.22222222222222,0.10191038759835667,1.4922711662016193,0.2222222222222222,0.0632237623122272,0.14624793061253183,0.0193435185628914,0.19504298170162965,False,0.1144948566801991,22.22222222222222,6.32237623122272,260
11560111,5,0,0.20411493454400448,0.9648052746294186,48.0,0.11386599417399874,1.6346528795948596,0.0,0.0,0.22786139695155688,0.09937090730759697,0.22971494096503853,False,0.11430140727847478,0.0,0.0,261
11740102,11,1,0.22189685274247506,0.9268890540590476,49.09090909090909,0.06883931324624602,1.1545603961346542,0.09090909090909091,0.016231752262825985,0.272816780427579,0.10357263700347846,0.09913492923445759,False,0.10978789610657821,9.090909090909092,1.6231752262825985,262
41390130,11,3,0.1445819504730765,0.9594279641219514,57.63636363636363,0.0998775993125609,1.4913587000385837,0.2727272727272727,0.09745880573921469,0.07735299293636608,0.13648618628788337,0.18914777662020443,False,0.10976485607455806,27.27272727272727,9.745880573921468,263
11140148,5,0,0.2248425922688148,0.9556138820332581,39.2,0.07851816321674417,1.212088411663354,0.0,0.0,0.28026405628100576,0.06547695442748638,0.12720416100204238,False,0.1095200490847102,0.0,0.0,264
41550380,20,3,0.14661532565751972,0.9776691578970583,40.05,0.13081632032161852,1.7149135912681372,0.15,0.05236779195949582,0.08249367349439125,0.06875080214886069,0.2788718795087615,False,0.10670637392981759,15.0,5.236779195949582,265
41210106,5,1,0.18325598189574915,0.9574783779534701,35.6,0.09591648158482774,1.2406816900022863,0.2,0.036223160969787456,0.1751268041621716,0.05161124643107751,0.17766030322229737,False,0.10618168237800468,20.0,3.6223160969787456,266
11680114,18,2,0.20029067800827172,0.9445185193082176,45.94444444444444,0.06977002819761241,2.2746708330340675,0.1111111111111111,0.031018868453582777,0.21819309698775785,0.0914537592232277,0.10183405710182704,False,0.10133417474348415,11.11111111111111,3.1018868453582775,267
11215104,6,0,0.21538945512048221,0.905715698364444,49.0,0.07526375169923386,1.0112663855951454,0.0,0.0,0.2563650932551116,0.103222492862155,0.11776617700285524,False,0.10046276337710452,0.0,0.0,268
11650102,14,1,0.1896503274265488,0.9331581176138701,43.714285714285715,0.07229687548464077,1.238205631778737,0.07142857142857142,0.012721886112291648,0.1912926785187419,0.08286411207377688,0.10916206222196854,False,0.0855811590561621,7.142857142857142,1.2721886112291647,269
11710105,9,0,0.1885052420849141,0.9320022578697985,37.0,0.05627079296105059,1.5217421364792239,0.0,0.0,0.18839772927471785,0.05700346620745873,0.06268548431733752,False,0.06905641564588286,0.0,0.0,270
41820250,12,0,0.14374623846306664,0.9798116982831062,48.166666666666664,0.10531141028056513,1.599720966668926,0.0,0.0,0.07524018635013724,0.10001283823335663,0.2049061466648953,False,0.06355328523802023,0.0,0.0,271
41135111,5,0,0.17479282905426793,0.9323169662076165,44.8,0.05826358683894375,1.036642153392862,0.0,0.0,0.15373067146386135,0.08704583353301129,0.06846470327352598,False,0.059812142093863596,0.0,0.0,272
11380110,5,1,0.13585742525407296,0.9558853081055796,28.8,0.07303670707433786,3.0639992725987124,0.2,0.036223160969787456,0.055296071265212236,0.02542046466008295,0.11130761716119027,False,0.056961925296695456,20.0,3.6223160969787456,273
41135106,7,1,0.14817885393699998,0.9615080380823561,42.142857142857146,0.06340818101062613,5.352220636821678,0.14285714285714285,0.02567895594897479,0.08644650988668134,0.07681162048804285,0.0833843276705644,False,0.05545029647460467,14.285714285714285,2.567895594897479,274
11440105,7,0,0.1551168569168686,0.954099283903733,29.428571428571427,0.06664086243450754,1.712966477815934,0.0,0.0,0.10398683264806965,0.027841461294376556,0.09275929312557941,False,0.049747908419536774,0.0,0.0,275
41670250,5,0,0.11398529026362736,0.9758189398680823,63.8,0.11143608182258458,1.7345203156280682,0.0,0.0,0.0,0.1602259590696137,0.22266805283528576,False,0.04453361056705715,0.0,0.0,276
11650103,5,0,0.1320304920287669,0.9635640163703574,22.2,0.03465554523858934,4.185487320855403,0.0,0.0,0.04562100422460685,0.0,0.0,False,0.013686301267382054,0.0,0.0,277
